{"assets/bg.jpg":["assets/bg.jpg"],"assets/c1.jpg":["assets/c1.jpg"],"assets/c2.jpg":["assets/c2.jpg"],"assets/c3.jpg":["assets/c3.jpg"],"assets/certificate.png":["assets/certificate.png"],"assets/dart.png":["assets/dart.png"],"assets/folder.png":["assets/folder.png"],"assets/gmail.png":["assets/gmail.png"],"assets/instagram.png":["assets/instagram.png"],"assets/linkedin.png":["assets/linkedin.png"],"assets/md.png":["assets/md.png"],"assets/p1.png":["assets/p1.png"],"assets/p2.png":["assets/p2.png"],"assets/p3.png":["assets/p3.png"],"assets/p4.png":["assets/p4.png"],"assets/p5.png":["assets/p5.png"],"assets/projects.png":["assets/projects.png"],"packages/cupertino_icons/assets/CupertinoIcons.ttf":["packages/cupertino_icons/assets/CupertinoIcons.ttf"]}