{"assets/bg.jpg":["assets/bg.jpg"],"assets/bg1.jpg":["assets/bg1.jpg"],"assets/c1.jpg":["assets/c1.jpg"],"assets/c2.jpg":["assets/c2.jpg"],"assets/c3.jpg":["assets/c3.jpg"],"assets/c4.jpg":["assets/c4.jpg"],"assets/c5.jpg":["assets/c5.jpg"],"assets/c6.jpg":["assets/c6.jpg"],"assets/certificate.png":["assets/certificate.png"],"assets/chat.png":["assets/chat.png"],"assets/close.png":["assets/close.png"],"assets/coffee.png":["assets/coffee.png"],"assets/dart.png":["assets/dart.png"],"assets/delete.png":["assets/delete.png"],"assets/folder.png":["assets/folder.png"],"assets/git.png":["assets/git.png"],"assets/github.png":["assets/github.png"],"assets/gmail.png":["assets/gmail.png"],"assets/google.png":["assets/google.png"],"assets/icon3.png":["assets/icon3.png"],"assets/instagram.png":["assets/instagram.png"],"assets/left.png":["assets/left.png"],"assets/linkedin.png":["assets/linkedin.png"],"assets/md.png":["assets/md.png"],"assets/p01.png":["assets/p01.png"],"assets/p1.png":["assets/p1.png"],"assets/p2.png":["assets/p2.png"],"assets/p3.png":["assets/p3.png"],"assets/p4.png":["assets/p4.png"],"assets/p5.png":["assets/p5.png"],"assets/p6.png":["assets/p6.png"],"assets/p7.png":["assets/p7.png"],"assets/p8.png":["assets/p8.png"],"assets/profie.jpg":["assets/profie.jpg"],"assets/projects.png":["assets/projects.png"],"assets/right.png":["assets/right.png"],"assets/send.png":["assets/send.png"],"assets/vscode.png":["assets/vscode.png"],"assets/www.png":["assets/www.png"],"assets/youtube.png":["assets/youtube.png"],"packages/cupertino_icons/assets/CupertinoIcons.ttf":["packages/cupertino_icons/assets/CupertinoIcons.ttf"]}